Navon - conflicting-big - Mean RT,Navon - conflicting-big - Mean Accuracy,Navon - conflicting-small - Mean RT,Navon - conflicting-small - Mean Accuracy,Navon - consistent-big - Mean RT,Navon - consistent-big - Mean Accuracy,Navon - consistent-small - Mean RT,Navon - consistent-small - Mean Accuracy,OBW - none - Mean RT,OBW - none - Mean Overestimation,OBW - object - Mean RT,OBW - object - Mean Overestimation,Orientation - Mean Error Degrees,average - Mean Overestimation,solo - Mean Overestimation
0.43739531249999997,0.875,0.6633278571428571,0.7857142857142857,0.3871265625,1,0.488262,0.8,4.338522083333333,9.414965640833334,5.118445,21.74575381325,19.221288495875,-2.1473546069500005,-1.9771754014000003
0.2481609375,1,0.4147196875,0.875,0.28507269230769233,0.8571428571428571,0.2872246875,1,5.61183375,-6.6984256447499995,2.4165566666666667,44.806965077,12.5383974726,-1.0867214568249999,-5.305799271075
0.38253333333333334,0.9333333333333333,0.4675625,0.75,0.36825,0.9375,0.4039375,1,3.7688333333333333,2.7560642565833335,5.451583333333334,25.38032128391667,27.238336204324998,-2.748085889775,-1.21527623245
0.4084440625,0.875,0.405534,0.8,0.2524363333333333,1,0.4071790625,1,5.837933333333333,5.38745052675,5.2997175,20.89157937125,17.7613025088,-7.5677143441,8.030103779875
